API Name,Request Number,Email,Response Time (ms),Status
Get Exam Detail,1,usertest001@gmail.com,147,200
Get Exam Detail,2,usertest002@gmail.com,146,200
Get Exam Detail,3,usertest003@gmail.com,150,200
Get Exam Detail,4,usertest004@gmail.com,150,200
Get Exam Detail,5,usertest005@gmail.com,144,200
Get Exam Detail,6,usertest006@gmail.com,142,200
Get Exam Detail,7,usertest007@gmail.com,140,200
Get Exam Detail,8,usertest008@gmail.com,145,200
Get Exam Detail,9,usertest009@gmail.com,146,200
Get Exam Detail,10,usertest010@gmail.com,148,200
Get Exam Detail,11,usertest011@gmail.com,147,200
Get Exam Detail,12,usertest012@gmail.com,143,200
Get Exam Detail,13,usertest013@gmail.com,141,200
Get Exam Detail,14,usertest014@gmail.com,141,200
Get Exam Detail,15,usertest015@gmail.com,138,200
Get Exam Detail,16,usertest016@gmail.com,138,200
Get Exam Detail,17,usertest017@gmail.com,140,200
Get Exam Detail,18,usertest018@gmail.com,142,200
Get Exam Detail,19,usertest019@gmail.com,145,200
Get Exam Detail,20,usertest020@gmail.com,140,200
Get Exam Detail,21,usertest021@gmail.com,143,200
Get Exam Detail,22,usertest022@gmail.com,145,200
Get Exam Detail,23,usertest023@gmail.com,140,200
Get Exam Detail,24,usertest024@gmail.com,143,200
Get Exam Detail,25,usertest025@gmail.com,149,200
Get Exam Detail,26,usertest026@gmail.com,142,200
Get Exam Detail,27,usertest027@gmail.com,141,200
Get Exam Detail,28,usertest028@gmail.com,144,200
Get Exam Detail,29,usertest029@gmail.com,142,200
Get Exam Detail,30,usertest030@gmail.com,398,200
Get Exam Detail,31,usertest031@gmail.com,142,200
Get Exam Detail,32,usertest032@gmail.com,144,200
Get Exam Detail,33,usertest033@gmail.com,142,200
Get Exam Detail,34,usertest034@gmail.com,144,200
Get Exam Detail,35,usertest035@gmail.com,176,200
Get Exam Detail,36,usertest036@gmail.com,143,200
Get Exam Detail,37,usertest037@gmail.com,147,200
Get Exam Detail,38,usertest038@gmail.com,141,200
Get Exam Detail,39,usertest039@gmail.com,139,200
Get Exam Detail,40,usertest040@gmail.com,141,200
Get Exam Detail,41,usertest041@gmail.com,141,200
Get Exam Detail,42,usertest042@gmail.com,143,200
Get Exam Detail,43,usertest043@gmail.com,142,200
Get Exam Detail,44,usertest044@gmail.com,140,200
Get Exam Detail,45,usertest045@gmail.com,141,200
Get Exam Detail,46,usertest046@gmail.com,142,200
Get Exam Detail,47,usertest047@gmail.com,143,200
Get Exam Detail,48,usertest048@gmail.com,144,200
Get Exam Detail,49,usertest049@gmail.com,145,200
Get Exam Detail,50,usertest050@gmail.com,145,200
Get Exam Detail,51,usertest051@gmail.com,145,200
Get Exam Detail,52,usertest052@gmail.com,140,200
Get Exam Detail,53,usertest053@gmail.com,142,200
Get Exam Detail,54,usertest054@gmail.com,139,200
Get Exam Detail,55,usertest055@gmail.com,148,200
Get Exam Detail,56,usertest056@gmail.com,145,200
Get Exam Detail,57,usertest057@gmail.com,147,200
Get Exam Detail,58,usertest058@gmail.com,147,200
Get Exam Detail,59,usertest059@gmail.com,151,200
Get Exam Detail,60,usertest060@gmail.com,143,200
Get Exam Detail,61,usertest061@gmail.com,141,200
Get Exam Detail,62,usertest062@gmail.com,158,200
Get Exam Detail,63,usertest063@gmail.com,141,200
Get Exam Detail,64,usertest064@gmail.com,142,200
Get Exam Detail,65,usertest065@gmail.com,142,200
Get Exam Detail,66,usertest066@gmail.com,141,200
Get Exam Detail,67,usertest067@gmail.com,141,200
Get Exam Detail,68,usertest068@gmail.com,144,200
Get Exam Detail,69,usertest069@gmail.com,146,200
Get Exam Detail,70,usertest070@gmail.com,143,200
Get Exam Detail,71,usertest071@gmail.com,144,200
Get Exam Detail,72,usertest072@gmail.com,142,200
Get Exam Detail,73,usertest073@gmail.com,159,200
Get Exam Detail,74,usertest074@gmail.com,137,200
Get Exam Detail,75,usertest075@gmail.com,139,200
Get Exam Detail,76,usertest076@gmail.com,143,200
Get Exam Detail,77,usertest077@gmail.com,144,200
Get Exam Detail,78,usertest078@gmail.com,143,200
Get Exam Detail,79,usertest079@gmail.com,141,200
Get Exam Detail,80,usertest080@gmail.com,148,200
Get Exam Detail,81,usertest081@gmail.com,145,200
Get Exam Detail,82,usertest082@gmail.com,144,200
Get Exam Detail,83,usertest083@gmail.com,145,200
Get Exam Detail,84,usertest084@gmail.com,143,200
Get Exam Detail,85,usertest085@gmail.com,145,200
Get Exam Detail,86,usertest086@gmail.com,147,200
Get Exam Detail,87,usertest087@gmail.com,143,200
Get Exam Detail,88,usertest088@gmail.com,142,200
Get Exam Detail,89,usertest089@gmail.com,141,200
Get Exam Detail,90,usertest090@gmail.com,139,200
Get Exam Detail,91,usertest091@gmail.com,150,200
Get Exam Detail,92,usertest092@gmail.com,141,200
Get Exam Detail,93,usertest093@gmail.com,145,200
Get Exam Detail,94,usertest094@gmail.com,162,200
Get Exam Detail,95,usertest095@gmail.com,138,200
Get Exam Detail,96,usertest096@gmail.com,147,200
Get Exam Detail,97,usertest097@gmail.com,138,200
Get Exam Detail,98,usertest098@gmail.com,138,200
Get Exam Detail,99,usertest099@gmail.com,144,200
Get Exam Detail,100,usertest100@gmail.com,142,200
Get Exam Detail,101,usertest101@gmail.com,173,200
Get Exam Detail,102,usertest102@gmail.com,150,200
Get Exam Detail,103,usertest103@gmail.com,150,200
Get Exam Detail,104,usertest104@gmail.com,150,200
Get Exam Detail,105,usertest105@gmail.com,142,200
Get Exam Detail,106,usertest106@gmail.com,147,200
Get Exam Detail,107,usertest107@gmail.com,140,200
Get Exam Detail,108,usertest108@gmail.com,138,200
Get Exam Detail,109,usertest109@gmail.com,145,200
Get Exam Detail,110,usertest110@gmail.com,140,200
Get Exam Detail,111,usertest111@gmail.com,147,200
Get Exam Detail,112,usertest112@gmail.com,139,200
Get Exam Detail,113,usertest113@gmail.com,141,200
Get Exam Detail,114,usertest114@gmail.com,144,200
Get Exam Detail,115,usertest115@gmail.com,149,200
Get Exam Detail,116,usertest116@gmail.com,146,200
Get Exam Detail,117,usertest117@gmail.com,145,200
Get Exam Detail,118,usertest118@gmail.com,140,200
Get Exam Detail,119,usertest119@gmail.com,141,200
Get Exam Detail,120,usertest120@gmail.com,143,200
Get Exam Detail,121,usertest121@gmail.com,144,200
Get Exam Detail,122,usertest122@gmail.com,142,200
Get Exam Detail,123,usertest123@gmail.com,142,200
Get Exam Detail,124,usertest124@gmail.com,141,200
Get Exam Detail,125,usertest125@gmail.com,150,200
Get Exam Detail,126,usertest126@gmail.com,410,200
Get Exam Detail,127,usertest127@gmail.com,152,200
Get Exam Detail,128,usertest128@gmail.com,413,200
Get Exam Detail,129,usertest129@gmail.com,402,200
Get Exam Detail,130,usertest130@gmail.com,188,200
Get Exam Detail,131,usertest131@gmail.com,153,200
Get Exam Detail,132,usertest132@gmail.com,151,200
Get Exam Detail,133,usertest133@gmail.com,148,200
Get Exam Detail,134,usertest134@gmail.com,144,200
Get Exam Detail,135,usertest135@gmail.com,148,200
Get Exam Detail,136,usertest136@gmail.com,147,200
Get Exam Detail,137,usertest137@gmail.com,145,200
Get Exam Detail,138,usertest138@gmail.com,358,200
Get Exam Detail,139,usertest139@gmail.com,149,200
Get Exam Detail,140,usertest140@gmail.com,342,200
Get Exam Detail,141,usertest141@gmail.com,187,200
Get Exam Detail,142,usertest142@gmail.com,142,200
Get Exam Detail,143,usertest143@gmail.com,140,200
Get Exam Detail,144,usertest144@gmail.com,144,200
Get Exam Detail,145,usertest145@gmail.com,144,200
Get Exam Detail,146,usertest146@gmail.com,140,200
Get Exam Detail,147,usertest147@gmail.com,142,200
Get Exam Detail,148,usertest148@gmail.com,144,200
Get Exam Detail,149,usertest149@gmail.com,143,200
Get Exam Detail,150,usertest150@gmail.com,141,200
Get Exam Detail,151,usertest151@gmail.com,145,200
Get Exam Detail,152,usertest152@gmail.com,143,200
Get Exam Detail,153,usertest153@gmail.com,144,200
Get Exam Detail,154,usertest154@gmail.com,146,200
Get Exam Detail,155,usertest155@gmail.com,142,200
Get Exam Detail,156,usertest156@gmail.com,140,200
Get Exam Detail,157,usertest157@gmail.com,150,200
Get Exam Detail,158,usertest158@gmail.com,137,200
Get Exam Detail,159,usertest159@gmail.com,139,200
Get Exam Detail,160,usertest160@gmail.com,142,200
Get Exam Detail,161,usertest161@gmail.com,140,200
Get Exam Detail,162,usertest162@gmail.com,148,200
Get Exam Detail,163,usertest163@gmail.com,135,200
Get Exam Detail,164,usertest164@gmail.com,143,200
Get Exam Detail,165,usertest165@gmail.com,141,200
Get Exam Detail,166,usertest166@gmail.com,142,200
Get Exam Detail,167,usertest167@gmail.com,143,200
Get Exam Detail,168,usertest168@gmail.com,142,200
Get Exam Detail,169,usertest169@gmail.com,143,200
Get Exam Detail,170,usertest170@gmail.com,143,200
Get Exam Detail,171,usertest171@gmail.com,144,200
Get Exam Detail,172,usertest172@gmail.com,166,200
Get Exam Detail,173,usertest173@gmail.com,146,200
Get Exam Detail,174,usertest174@gmail.com,143,200
Get Exam Detail,175,usertest175@gmail.com,149,200
Get Exam Detail,176,usertest176@gmail.com,147,200
Get Exam Detail,177,usertest177@gmail.com,146,200
Get Exam Detail,178,usertest178@gmail.com,141,200
Get Exam Detail,179,usertest179@gmail.com,136,200
Get Exam Detail,180,usertest180@gmail.com,140,200
Get Exam Detail,181,usertest181@gmail.com,143,200
Get Exam Detail,182,usertest182@gmail.com,141,200
Get Exam Detail,183,usertest183@gmail.com,144,200
Get Exam Detail,184,usertest184@gmail.com,145,200
Get Exam Detail,185,usertest185@gmail.com,140,200
Get Exam Detail,186,usertest186@gmail.com,141,200
Get Exam Detail,187,usertest187@gmail.com,140,200
Get Exam Detail,188,usertest188@gmail.com,139,200
Get Exam Detail,189,usertest189@gmail.com,142,200
Get Exam Detail,190,usertest190@gmail.com,138,200
Get Exam Detail,191,usertest191@gmail.com,143,200
Get Exam Detail,192,usertest192@gmail.com,142,200
Get Exam Detail,193,usertest193@gmail.com,139,200
Get Exam Detail,194,usertest194@gmail.com,139,200
Get Exam Detail,195,usertest195@gmail.com,392,200
Get Exam Detail,196,usertest196@gmail.com,141,200
Get Exam Detail,197,usertest197@gmail.com,141,200
Get Exam Detail,198,usertest198@gmail.com,441,200
Get Exam Detail,199,usertest199@gmail.com,145,200
Get Exam Detail,200,usertest200@gmail.com,142,200
Get Exam Detail,201,usertest201@gmail.com,142,200
Get Exam Detail,202,usertest202@gmail.com,141,200
Get Exam Detail,203,usertest203@gmail.com,146,200
Get Exam Detail,204,usertest204@gmail.com,148,200
Get Exam Detail,205,usertest205@gmail.com,144,200
Get Exam Detail,206,usertest206@gmail.com,139,200
Get Exam Detail,207,usertest207@gmail.com,139,200
Get Exam Detail,208,usertest208@gmail.com,145,200
Get Exam Detail,209,usertest209@gmail.com,142,200
Get Exam Detail,210,usertest210@gmail.com,140,200
Get Exam Detail,211,usertest211@gmail.com,140,200
Get Exam Detail,212,usertest212@gmail.com,140,200
Get Exam Detail,213,usertest213@gmail.com,149,200
Get Exam Detail,214,usertest214@gmail.com,143,200
Get Exam Detail,215,usertest215@gmail.com,154,200
Get Exam Detail,216,usertest216@gmail.com,145,200
Get Exam Detail,217,usertest217@gmail.com,157,200
Get Exam Detail,218,usertest218@gmail.com,152,200
Get Exam Detail,219,usertest219@gmail.com,140,200
Get Exam Detail,220,usertest220@gmail.com,145,200
Get Exam Detail,221,usertest221@gmail.com,139,200
Get Exam Detail,222,usertest222@gmail.com,144,200
Get Exam Detail,223,usertest223@gmail.com,146,200
Get Exam Detail,224,usertest224@gmail.com,143,200
Get Exam Detail,225,usertest225@gmail.com,149,200
Get Exam Detail,226,usertest226@gmail.com,151,200
Get Exam Detail,227,usertest227@gmail.com,142,200
Get Exam Detail,228,usertest228@gmail.com,139,200
Get Exam Detail,229,usertest229@gmail.com,137,200
Get Exam Detail,230,usertest230@gmail.com,142,200
Get Exam Detail,231,usertest231@gmail.com,148,200
Get Exam Detail,232,usertest232@gmail.com,403,200
Get Exam Detail,233,usertest233@gmail.com,141,200
Get Exam Detail,234,usertest234@gmail.com,150,200
Get Exam Detail,235,usertest235@gmail.com,144,200
Get Exam Detail,236,usertest236@gmail.com,140,200
Get Exam Detail,237,usertest237@gmail.com,147,200
Get Exam Detail,238,usertest238@gmail.com,145,200
Get Exam Detail,239,usertest239@gmail.com,407,200
Get Exam Detail,240,usertest240@gmail.com,189,200
Get Exam Detail,241,usertest241@gmail.com,143,200
Get Exam Detail,242,usertest242@gmail.com,145,200
Get Exam Detail,243,usertest243@gmail.com,144,200
Get Exam Detail,244,usertest244@gmail.com,144,200
Get Exam Detail,245,usertest245@gmail.com,140,200
Get Exam Detail,246,usertest246@gmail.com,141,200
Get Exam Detail,247,usertest247@gmail.com,340,200
Get Exam Detail,248,usertest248@gmail.com,148,200
Get Exam Detail,249,usertest249@gmail.com,150,200
Get Exam Detail,250,usertest250@gmail.com,148,200
Get Exam Detail,251,usertest251@gmail.com,146,200
Get Exam Detail,252,usertest252@gmail.com,149,200
Get Exam Detail,253,usertest253@gmail.com,151,200
Get Exam Detail,254,usertest254@gmail.com,139,200
Get Exam Detail,255,usertest255@gmail.com,140,200
Get Exam Detail,256,usertest256@gmail.com,140,200
Get Exam Detail,257,usertest257@gmail.com,143,200
Get Exam Detail,258,usertest258@gmail.com,143,200
Get Exam Detail,259,usertest259@gmail.com,141,200
Get Exam Detail,260,usertest260@gmail.com,143,200
Get Exam Detail,261,usertest261@gmail.com,149,200
Get Exam Detail,262,usertest262@gmail.com,138,200
Get Exam Detail,263,usertest263@gmail.com,144,200
Get Exam Detail,264,usertest264@gmail.com,162,200
Get Exam Detail,265,usertest265@gmail.com,143,200
Get Exam Detail,266,usertest266@gmail.com,147,200
Get Exam Detail,267,usertest267@gmail.com,140,200
Get Exam Detail,268,usertest268@gmail.com,142,200
Get Exam Detail,269,usertest269@gmail.com,142,200
Get Exam Detail,270,usertest270@gmail.com,158,200
Get Exam Detail,271,usertest271@gmail.com,141,200
Get Exam Detail,272,usertest272@gmail.com,139,200
Get Exam Detail,273,usertest273@gmail.com,146,200
Get Exam Detail,274,usertest274@gmail.com,141,200
Get Exam Detail,275,usertest275@gmail.com,141,200
Get Exam Detail,276,usertest276@gmail.com,145,200
Get Exam Detail,277,usertest277@gmail.com,142,200
Get Exam Detail,278,usertest278@gmail.com,142,200
Get Exam Detail,279,usertest279@gmail.com,143,200
Get Exam Detail,280,usertest280@gmail.com,141,200
Get Exam Detail,281,usertest281@gmail.com,146,200
Get Exam Detail,282,usertest282@gmail.com,141,200
Get Exam Detail,283,usertest283@gmail.com,153,200
Get Exam Detail,284,usertest284@gmail.com,147,200
Get Exam Detail,285,usertest285@gmail.com,145,200
Get Exam Detail,286,usertest286@gmail.com,141,200
Get Exam Detail,287,usertest287@gmail.com,145,200
Get Exam Detail,288,usertest288@gmail.com,144,200
Get Exam Detail,289,usertest289@gmail.com,140,200
Get Exam Detail,290,usertest290@gmail.com,142,200
Get Exam Detail,291,usertest291@gmail.com,142,200
Get Exam Detail,292,usertest292@gmail.com,140,200
Get Exam Detail,293,usertest293@gmail.com,142,200
Get Exam Detail,294,usertest294@gmail.com,142,200
Get Exam Detail,295,usertest295@gmail.com,144,200
Get Exam Detail,296,usertest296@gmail.com,142,200
Get Exam Detail,297,usertest297@gmail.com,143,200
Get Exam Detail,298,usertest298@gmail.com,139,200
Get Exam Detail,299,usertest299@gmail.com,143,200
Get Exam Detail,300,usertest300@gmail.com,136,200
Get Exam Detail,301,usertest301@gmail.com,138,200
Get Exam Detail,302,usertest302@gmail.com,139,200
Get Exam Detail,303,usertest303@gmail.com,142,200
Get Exam Detail,304,usertest304@gmail.com,144,200
Get Exam Detail,305,usertest305@gmail.com,144,200
Get Exam Detail,306,usertest306@gmail.com,143,200
Get Exam Detail,307,usertest307@gmail.com,142,200
Get Exam Detail,308,usertest308@gmail.com,139,200
Get Exam Detail,309,usertest309@gmail.com,141,200
Get Exam Detail,310,usertest310@gmail.com,144,200
Get Exam Detail,311,usertest311@gmail.com,141,200
Get Exam Detail,312,usertest312@gmail.com,142,200
Get Exam Detail,313,usertest313@gmail.com,143,200
Get Exam Detail,314,usertest314@gmail.com,141,200
Get Exam Detail,315,usertest315@gmail.com,141,200
Get Exam Detail,316,usertest316@gmail.com,140,200
Get Exam Detail,317,usertest317@gmail.com,140,200
Get Exam Detail,318,usertest318@gmail.com,146,200
Get Exam Detail,319,usertest319@gmail.com,142,200
Get Exam Detail,320,usertest320@gmail.com,140,200
Get Exam Detail,321,usertest321@gmail.com,146,200
Get Exam Detail,322,usertest322@gmail.com,139,200
Get Exam Detail,323,usertest323@gmail.com,138,200
Get Exam Detail,324,usertest324@gmail.com,140,200
Get Exam Detail,325,usertest325@gmail.com,143,200
Get Exam Detail,326,usertest326@gmail.com,147,200
Get Exam Detail,327,usertest327@gmail.com,142,200
Get Exam Detail,328,usertest328@gmail.com,149,200
Get Exam Detail,329,usertest329@gmail.com,141,200
Get Exam Detail,330,usertest330@gmail.com,143,200
Get Exam Detail,331,usertest331@gmail.com,142,200
Get Exam Detail,332,usertest332@gmail.com,143,200
Get Exam Detail,333,usertest333@gmail.com,143,200
Get Exam Detail,334,usertest334@gmail.com,147,200
Get Exam Detail,335,usertest335@gmail.com,142,200
Get Exam Detail,336,usertest336@gmail.com,144,200
Get Exam Detail,337,usertest337@gmail.com,140,200
Get Exam Detail,338,usertest338@gmail.com,141,200
Get Exam Detail,339,usertest339@gmail.com,152,200
Get Exam Detail,340,usertest340@gmail.com,142,200
Get Exam Detail,341,usertest341@gmail.com,146,200
Get Exam Detail,342,usertest342@gmail.com,139,200
Get Exam Detail,343,usertest343@gmail.com,141,200
Get Exam Detail,344,usertest344@gmail.com,141,200
Get Exam Detail,345,usertest345@gmail.com,147,200
Get Exam Detail,346,usertest346@gmail.com,142,200
Get Exam Detail,347,usertest347@gmail.com,141,200
Get Exam Detail,348,usertest348@gmail.com,142,200
Get Exam Detail,349,usertest349@gmail.com,142,200
Get Exam Detail,350,usertest350@gmail.com,142,200
Get Exam Detail,351,usertest351@gmail.com,142,200
Get Exam Detail,352,usertest352@gmail.com,139,200
Get Exam Detail,353,usertest353@gmail.com,151,200
Get Exam Detail,354,usertest354@gmail.com,139,200
Get Exam Detail,355,usertest355@gmail.com,141,200
Get Exam Detail,356,usertest356@gmail.com,146,200
Get Exam Detail,357,usertest357@gmail.com,141,200
Get Exam Detail,358,usertest358@gmail.com,150,200
Get Exam Detail,359,usertest359@gmail.com,143,200
Get Exam Detail,360,usertest360@gmail.com,148,200
Get Exam Detail,361,usertest361@gmail.com,144,200
Get Exam Detail,362,usertest362@gmail.com,334,200
Get Exam Detail,363,usertest363@gmail.com,185,200
Get Exam Detail,364,usertest364@gmail.com,406,200
Get Exam Detail,365,usertest365@gmail.com,153,200
Get Exam Detail,366,usertest366@gmail.com,139,200
Get Exam Detail,367,usertest367@gmail.com,141,200
Get Exam Detail,368,usertest368@gmail.com,138,200
Get Exam Detail,369,usertest369@gmail.com,139,200
Get Exam Detail,370,usertest370@gmail.com,139,200
Get Exam Detail,371,usertest371@gmail.com,144,200
Get Exam Detail,372,usertest372@gmail.com,148,200
Get Exam Detail,373,usertest373@gmail.com,139,200
Get Exam Detail,374,usertest374@gmail.com,138,200
Get Exam Detail,375,usertest375@gmail.com,138,200
Get Exam Detail,376,usertest376@gmail.com,141,200
Get Exam Detail,377,usertest377@gmail.com,144,200
Get Exam Detail,378,usertest378@gmail.com,142,200
Get Exam Detail,379,usertest379@gmail.com,143,200
Get Exam Detail,380,usertest380@gmail.com,146,200
Get Exam Detail,381,usertest381@gmail.com,143,200
Get Exam Detail,382,usertest382@gmail.com,148,200
Get Exam Detail,383,usertest383@gmail.com,141,200
Get Exam Detail,384,usertest384@gmail.com,146,200
Get Exam Detail,385,usertest385@gmail.com,143,200
Get Exam Detail,386,usertest386@gmail.com,142,200
Get Exam Detail,387,usertest387@gmail.com,140,200
Get Exam Detail,388,usertest388@gmail.com,148,200
Get Exam Detail,389,usertest389@gmail.com,139,200
Get Exam Detail,390,usertest390@gmail.com,144,200
Get Exam Detail,391,usertest391@gmail.com,144,200
Get Exam Detail,392,usertest392@gmail.com,144,200
Get Exam Detail,393,usertest393@gmail.com,143,200
Get Exam Detail,394,usertest394@gmail.com,144,200
Get Exam Detail,395,usertest395@gmail.com,140,200
Get Exam Detail,396,usertest396@gmail.com,143,200
Get Exam Detail,397,usertest397@gmail.com,154,200
Get Exam Detail,398,usertest398@gmail.com,144,200
Get Exam Detail,399,usertest399@gmail.com,141,200
Get Exam Detail,400,usertest400@gmail.com,144,200
Get Exam Detail,401,usertest401@gmail.com,145,200
Get Exam Detail,402,usertest402@gmail.com,141,200
Get Exam Detail,403,usertest403@gmail.com,145,200
Get Exam Detail,404,usertest404@gmail.com,142,200
Get Exam Detail,405,usertest405@gmail.com,138,200
Get Exam Detail,406,usertest406@gmail.com,143,200
Get Exam Detail,407,usertest407@gmail.com,150,200
Get Exam Detail,408,usertest408@gmail.com,151,200
Get Exam Detail,409,usertest409@gmail.com,146,200
Get Exam Detail,410,usertest410@gmail.com,141,200
Get Exam Detail,411,usertest411@gmail.com,151,200
Get Exam Detail,412,usertest412@gmail.com,137,200
Get Exam Detail,413,usertest413@gmail.com,138,200
Get Exam Detail,414,usertest414@gmail.com,141,200
Get Exam Detail,415,usertest415@gmail.com,139,200
Get Exam Detail,416,usertest416@gmail.com,164,200
Get Exam Detail,417,usertest417@gmail.com,144,200
Get Exam Detail,418,usertest418@gmail.com,142,200
Get Exam Detail,419,usertest419@gmail.com,142,200
Get Exam Detail,420,usertest420@gmail.com,141,200
Get Exam Detail,421,usertest421@gmail.com,155,200
Get Exam Detail,422,usertest422@gmail.com,141,200
Get Exam Detail,423,usertest423@gmail.com,143,200
Get Exam Detail,424,usertest424@gmail.com,140,200
Get Exam Detail,425,usertest425@gmail.com,142,200
Get Exam Detail,426,usertest426@gmail.com,143,200
Get Exam Detail,427,usertest427@gmail.com,145,200
Get Exam Detail,428,usertest428@gmail.com,141,200
Get Exam Detail,429,usertest429@gmail.com,142,200
Get Exam Detail,430,usertest430@gmail.com,145,200
Get Exam Detail,431,usertest431@gmail.com,141,200
Get Exam Detail,432,usertest432@gmail.com,140,200
Get Exam Detail,433,usertest433@gmail.com,141,200
Get Exam Detail,434,usertest434@gmail.com,141,200
Get Exam Detail,435,usertest435@gmail.com,141,200
Get Exam Detail,436,usertest436@gmail.com,141,200
Get Exam Detail,437,usertest437@gmail.com,142,200
Get Exam Detail,438,usertest438@gmail.com,142,200
Get Exam Detail,439,usertest439@gmail.com,142,200
Get Exam Detail,440,usertest440@gmail.com,146,200
Get Exam Detail,441,usertest441@gmail.com,142,200
Get Exam Detail,442,usertest442@gmail.com,140,200
Get Exam Detail,443,usertest443@gmail.com,138,200
Get Exam Detail,444,usertest444@gmail.com,139,200
Get Exam Detail,445,usertest445@gmail.com,139,200
Get Exam Detail,446,usertest446@gmail.com,140,200
Get Exam Detail,447,usertest447@gmail.com,337,200
Get Exam Detail,448,usertest448@gmail.com,143,200
Get Exam Detail,449,usertest449@gmail.com,139,200
Get Exam Detail,450,usertest450@gmail.com,137,200
Get Exam Detail,451,usertest451@gmail.com,138,200
Get Exam Detail,452,usertest452@gmail.com,137,200
Get Exam Detail,453,usertest453@gmail.com,142,200
Get Exam Detail,454,usertest454@gmail.com,146,200
Get Exam Detail,455,usertest455@gmail.com,143,200
Get Exam Detail,456,usertest456@gmail.com,142,200
Get Exam Detail,457,usertest457@gmail.com,139,200
Get Exam Detail,458,usertest458@gmail.com,141,200
Get Exam Detail,459,usertest459@gmail.com,142,200
Get Exam Detail,460,usertest460@gmail.com,139,200
Get Exam Detail,461,usertest461@gmail.com,144,200
Get Exam Detail,462,usertest462@gmail.com,142,200
Get Exam Detail,463,usertest463@gmail.com,148,200
Get Exam Detail,464,usertest464@gmail.com,143,200
Get Exam Detail,465,usertest465@gmail.com,141,200
Get Exam Detail,466,usertest466@gmail.com,141,200
Get Exam Detail,467,usertest467@gmail.com,144,200
Get Exam Detail,468,usertest468@gmail.com,145,200
Get Exam Detail,469,usertest469@gmail.com,141,200
Get Exam Detail,470,usertest470@gmail.com,147,200
Get Exam Detail,471,usertest471@gmail.com,144,200
Get Exam Detail,472,usertest472@gmail.com,142,200
Get Exam Detail,473,usertest473@gmail.com,138,200
Get Exam Detail,474,usertest474@gmail.com,145,200
Get Exam Detail,475,usertest475@gmail.com,145,200
Get Exam Detail,476,usertest476@gmail.com,140,200
Get Exam Detail,477,usertest477@gmail.com,145,200
Get Exam Detail,478,usertest478@gmail.com,145,200
Get Exam Detail,479,usertest479@gmail.com,140,200
Get Exam Detail,480,usertest480@gmail.com,138,200
Get Exam Detail,481,usertest481@gmail.com,151,200
Get Exam Detail,482,usertest482@gmail.com,150,200
Get Exam Detail,483,usertest483@gmail.com,154,200
Get Exam Detail,484,usertest484@gmail.com,158,200
Get Exam Detail,485,usertest485@gmail.com,144,200
Get Exam Detail,486,usertest486@gmail.com,143,200
Get Exam Detail,487,usertest487@gmail.com,136,200
Get Exam Detail,488,usertest488@gmail.com,140,200
Get Exam Detail,489,usertest489@gmail.com,141,200
Get Exam Detail,490,usertest490@gmail.com,147,200
Get Exam Detail,491,usertest491@gmail.com,146,200
Get Exam Detail,492,usertest492@gmail.com,333,200
Get Exam Detail,493,usertest493@gmail.com,184,200
Get Exam Detail,494,usertest494@gmail.com,147,200
Get Exam Detail,495,usertest495@gmail.com,143,200
Get Exam Detail,496,usertest496@gmail.com,143,200
Get Exam Detail,497,usertest497@gmail.com,143,200
Get Exam Detail,498,usertest498@gmail.com,148,200
Get Exam Detail,499,usertest499@gmail.com,154,200
Get Exam Detail,500,usertest500@gmail.com,142,200
Get Exam Detail,501,usertest501@gmail.com,141,200
Get Exam Detail,502,usertest502@gmail.com,154,200
Get Exam Detail,503,usertest503@gmail.com,144,200
Get Exam Detail,504,usertest504@gmail.com,143,200
Get Exam Detail,505,usertest505@gmail.com,141,200
Get Exam Detail,506,usertest506@gmail.com,136,200
Get Exam Detail,507,usertest507@gmail.com,148,200
Get Exam Detail,508,usertest508@gmail.com,142,200
Get Exam Detail,509,usertest509@gmail.com,138,200
Get Exam Detail,510,usertest510@gmail.com,140,200
Get Exam Detail,511,usertest511@gmail.com,146,200
Get Exam Detail,512,usertest512@gmail.com,142,200
Get Exam Detail,513,usertest513@gmail.com,140,200
Get Exam Detail,514,usertest514@gmail.com,150,200
Get Exam Detail,515,usertest515@gmail.com,144,200
Get Exam Detail,516,usertest516@gmail.com,145,200
Get Exam Detail,517,usertest517@gmail.com,138,200
Get Exam Detail,518,usertest518@gmail.com,138,200
Get Exam Detail,519,usertest519@gmail.com,142,200
Get Exam Detail,520,usertest520@gmail.com,140,200
Get Exam Detail,521,usertest521@gmail.com,147,200
Get Exam Detail,522,usertest522@gmail.com,137,200
Get Exam Detail,523,usertest523@gmail.com,136,200
Get Exam Detail,524,usertest524@gmail.com,141,200
Get Exam Detail,525,usertest525@gmail.com,147,200
Get Exam Detail,526,usertest526@gmail.com,142,200
Get Exam Detail,527,usertest527@gmail.com,141,200
Get Exam Detail,528,usertest528@gmail.com,141,200
Get Exam Detail,529,usertest529@gmail.com,145,200
Get Exam Detail,530,usertest530@gmail.com,142,200
Get Exam Detail,531,usertest531@gmail.com,147,200
Get Exam Detail,532,usertest532@gmail.com,138,200
Get Exam Detail,533,usertest533@gmail.com,145,200
Get Exam Detail,534,usertest534@gmail.com,147,200
Get Exam Detail,535,usertest535@gmail.com,146,200
Get Exam Detail,536,usertest536@gmail.com,143,200
Get Exam Detail,537,usertest537@gmail.com,145,200
Get Exam Detail,538,usertest538@gmail.com,143,200
Get Exam Detail,539,usertest539@gmail.com,151,200
Get Exam Detail,540,usertest540@gmail.com,151,200
Get Exam Detail,541,usertest541@gmail.com,141,200
Get Exam Detail,542,usertest542@gmail.com,139,200
Get Exam Detail,543,usertest543@gmail.com,142,200
Get Exam Detail,544,usertest544@gmail.com,147,200
Get Exam Detail,545,usertest545@gmail.com,144,200
Get Exam Detail,546,usertest546@gmail.com,146,200
Get Exam Detail,547,usertest547@gmail.com,140,200
Get Exam Detail,548,usertest548@gmail.com,142,200
Get Exam Detail,549,usertest549@gmail.com,140,200
Get Exam Detail,550,usertest550@gmail.com,142,200
Get Exam Detail,551,usertest551@gmail.com,144,200
Get Exam Detail,552,usertest552@gmail.com,147,200
Get Exam Detail,553,usertest553@gmail.com,138,200
Get Exam Detail,554,usertest554@gmail.com,139,200
Get Exam Detail,555,usertest555@gmail.com,142,200
Get Exam Detail,556,usertest556@gmail.com,144,200
Get Exam Detail,557,usertest557@gmail.com,140,200
Get Exam Detail,558,usertest558@gmail.com,141,200
Get Exam Detail,559,usertest559@gmail.com,146,200
Get Exam Detail,560,usertest560@gmail.com,146,200
Get Exam Detail,561,usertest561@gmail.com,143,200
Get Exam Detail,562,usertest562@gmail.com,135,200
Get Exam Detail,563,usertest563@gmail.com,137,200
Get Exam Detail,564,usertest564@gmail.com,139,200
Get Exam Detail,565,usertest565@gmail.com,142,200
Get Exam Detail,566,usertest566@gmail.com,144,200
Get Exam Detail,567,usertest567@gmail.com,145,200
Get Exam Detail,568,usertest568@gmail.com,147,200
Get Exam Detail,569,usertest569@gmail.com,148,200
Get Exam Detail,570,usertest570@gmail.com,140,200
Get Exam Detail,571,usertest571@gmail.com,147,200
Get Exam Detail,572,usertest572@gmail.com,140,200
Get Exam Detail,573,usertest573@gmail.com,146,200
Get Exam Detail,574,usertest574@gmail.com,144,200
Get Exam Detail,575,usertest575@gmail.com,144,200
Get Exam Detail,576,usertest576@gmail.com,141,200
Get Exam Detail,577,usertest577@gmail.com,139,200
Get Exam Detail,578,usertest578@gmail.com,138,200
Get Exam Detail,579,usertest579@gmail.com,146,200
Get Exam Detail,580,usertest580@gmail.com,145,200
Get Exam Detail,581,usertest581@gmail.com,142,200
Get Exam Detail,582,usertest582@gmail.com,142,200
Get Exam Detail,583,usertest583@gmail.com,139,200
Get Exam Detail,584,usertest584@gmail.com,143,200
Get Exam Detail,585,usertest585@gmail.com,140,200
Get Exam Detail,586,usertest586@gmail.com,148,200
Get Exam Detail,587,usertest587@gmail.com,144,200
Get Exam Detail,588,usertest588@gmail.com,151,200
Get Exam Detail,589,usertest589@gmail.com,142,200
Get Exam Detail,590,usertest590@gmail.com,137,200
Get Exam Detail,591,usertest591@gmail.com,136,200
Get Exam Detail,592,usertest592@gmail.com,136,200
Get Exam Detail,593,usertest593@gmail.com,139,200
Get Exam Detail,594,usertest594@gmail.com,148,200
Get Exam Detail,595,usertest595@gmail.com,139,200
Get Exam Detail,596,usertest596@gmail.com,143,200
Get Exam Detail,597,usertest597@gmail.com,151,200
Get Exam Detail,598,usertest598@gmail.com,145,200
Get Exam Detail,599,usertest599@gmail.com,140,200
Get Exam Detail,600,usertest600@gmail.com,142,200
Get Exam Detail,601,usertest601@gmail.com,140,200
Get Exam Detail,602,usertest602@gmail.com,145,200
Get Exam Detail,603,usertest603@gmail.com,143,200
Get Exam Detail,604,usertest604@gmail.com,139,200
Get Exam Detail,605,usertest605@gmail.com,143,200
Get Exam Detail,606,usertest606@gmail.com,142,200
Get Exam Detail,607,usertest607@gmail.com,142,200
Get Exam Detail,608,usertest608@gmail.com,140,200
Get Exam Detail,609,usertest609@gmail.com,144,200
Get Exam Detail,610,usertest610@gmail.com,142,200
Get Exam Detail,611,usertest611@gmail.com,150,200
Get Exam Detail,612,usertest612@gmail.com,148,200
Get Exam Detail,613,usertest613@gmail.com,147,200
Get Exam Detail,614,usertest614@gmail.com,143,200
Get Exam Detail,615,usertest615@gmail.com,142,200
Get Exam Detail,616,usertest616@gmail.com,141,200
Get Exam Detail,617,usertest617@gmail.com,139,200
Get Exam Detail,618,usertest618@gmail.com,143,200
Get Exam Detail,619,usertest619@gmail.com,142,200
Get Exam Detail,620,usertest620@gmail.com,150,200
Get Exam Detail,621,usertest621@gmail.com,146,200
Get Exam Detail,622,usertest622@gmail.com,144,200
Get Exam Detail,623,usertest623@gmail.com,142,200
Get Exam Detail,624,usertest624@gmail.com,143,200
Get Exam Detail,625,usertest625@gmail.com,143,200
Get Exam Detail,626,usertest626@gmail.com,141,200
Get Exam Detail,627,usertest627@gmail.com,144,200
Get Exam Detail,628,usertest628@gmail.com,144,200
Get Exam Detail,629,usertest629@gmail.com,144,200
Get Exam Detail,630,usertest630@gmail.com,146,200
Get Exam Detail,631,usertest631@gmail.com,140,200
Get Exam Detail,632,usertest632@gmail.com,142,200
Get Exam Detail,633,usertest633@gmail.com,152,200
Get Exam Detail,634,usertest634@gmail.com,141,200
Get Exam Detail,635,usertest635@gmail.com,143,200
Get Exam Detail,636,usertest636@gmail.com,142,200
Get Exam Detail,637,usertest637@gmail.com,142,200
Get Exam Detail,638,usertest638@gmail.com,145,200
Get Exam Detail,639,usertest639@gmail.com,138,200
Get Exam Detail,640,usertest640@gmail.com,144,200
Get Exam Detail,641,usertest641@gmail.com,145,200
Get Exam Detail,642,usertest642@gmail.com,146,200
Get Exam Detail,643,usertest643@gmail.com,146,200
Get Exam Detail,644,usertest644@gmail.com,142,200
Get Exam Detail,645,usertest645@gmail.com,139,200
Get Exam Detail,646,usertest646@gmail.com,139,200
Get Exam Detail,647,usertest647@gmail.com,137,200
Get Exam Detail,648,usertest648@gmail.com,143,200
Get Exam Detail,649,usertest649@gmail.com,143,200
Get Exam Detail,650,usertest650@gmail.com,150,200
Get Exam Detail,651,usertest651@gmail.com,143,200
Get Exam Detail,652,usertest652@gmail.com,142,200
Get Exam Detail,653,usertest653@gmail.com,140,200
Get Exam Detail,654,usertest654@gmail.com,136,200
Get Exam Detail,655,usertest655@gmail.com,137,200
Get Exam Detail,656,usertest656@gmail.com,140,200
Get Exam Detail,657,usertest657@gmail.com,141,200
Get Exam Detail,658,usertest658@gmail.com,156,200
Get Exam Detail,659,usertest659@gmail.com,144,200
Get Exam Detail,660,usertest660@gmail.com,140,200
Get Exam Detail,661,usertest661@gmail.com,142,200
Get Exam Detail,662,usertest662@gmail.com,137,200
Get Exam Detail,663,usertest663@gmail.com,141,200
Get Exam Detail,664,usertest664@gmail.com,142,200
Get Exam Detail,665,usertest665@gmail.com,143,200
Get Exam Detail,666,usertest666@gmail.com,145,200
Get Exam Detail,667,usertest667@gmail.com,145,200
Get Exam Detail,668,usertest668@gmail.com,143,200
Get Exam Detail,669,usertest669@gmail.com,146,200
Get Exam Detail,670,usertest670@gmail.com,141,200
Get Exam Detail,671,usertest671@gmail.com,149,200
Get Exam Detail,672,usertest672@gmail.com,146,200
Get Exam Detail,673,usertest673@gmail.com,139,200
Get Exam Detail,674,usertest674@gmail.com,143,200
Get Exam Detail,675,usertest675@gmail.com,141,200
Get Exam Detail,676,usertest676@gmail.com,139,200
Get Exam Detail,677,usertest677@gmail.com,141,200
Get Exam Detail,678,usertest678@gmail.com,143,200
Get Exam Detail,679,usertest679@gmail.com,157,200
Get Exam Detail,680,usertest680@gmail.com,145,200
Get Exam Detail,681,usertest681@gmail.com,141,200
Get Exam Detail,682,usertest682@gmail.com,141,200
Get Exam Detail,683,usertest683@gmail.com,139,200
Get Exam Detail,684,usertest684@gmail.com,139,200
Get Exam Detail,685,usertest685@gmail.com,140,200
Get Exam Detail,686,usertest686@gmail.com,157,200
Get Exam Detail,687,usertest687@gmail.com,177,200
Get Exam Detail,688,usertest688@gmail.com,143,200
Get Exam Detail,689,usertest689@gmail.com,140,200
Get Exam Detail,690,usertest690@gmail.com,139,200
Get Exam Detail,691,usertest691@gmail.com,141,200
Get Exam Detail,692,usertest692@gmail.com,143,200
Get Exam Detail,693,usertest693@gmail.com,141,200
Get Exam Detail,694,usertest694@gmail.com,142,200
Get Exam Detail,695,usertest695@gmail.com,151,200
Get Exam Detail,696,usertest696@gmail.com,150,200
Get Exam Detail,697,usertest697@gmail.com,165,200
Get Exam Detail,698,usertest698@gmail.com,140,200
Get Exam Detail,699,usertest699@gmail.com,143,200
Get Exam Detail,700,usertest700@gmail.com,140,200
Get Exam Detail,701,usertest701@gmail.com,143,200
Get Exam Detail,702,usertest702@gmail.com,143,200
Get Exam Detail,703,usertest703@gmail.com,143,200
Get Exam Detail,704,usertest704@gmail.com,146,200
Get Exam Detail,705,usertest705@gmail.com,147,200
Get Exam Detail,706,usertest706@gmail.com,141,200
Get Exam Detail,707,usertest707@gmail.com,140,200
Get Exam Detail,708,usertest708@gmail.com,146,200
Get Exam Detail,709,usertest709@gmail.com,145,200
Get Exam Detail,710,usertest710@gmail.com,143,200
Get Exam Detail,711,usertest711@gmail.com,150,200
Get Exam Detail,712,usertest712@gmail.com,141,200
Get Exam Detail,713,usertest713@gmail.com,147,200
Get Exam Detail,714,usertest714@gmail.com,144,200
Get Exam Detail,715,usertest715@gmail.com,136,200
Get Exam Detail,716,usertest716@gmail.com,140,200
Get Exam Detail,717,usertest717@gmail.com,140,200
Get Exam Detail,718,usertest718@gmail.com,146,200
Get Exam Detail,719,usertest719@gmail.com,147,200
Get Exam Detail,720,usertest720@gmail.com,156,200
Get Exam Detail,721,usertest721@gmail.com,143,200
Get Exam Detail,722,usertest722@gmail.com,141,200
Get Exam Detail,723,usertest723@gmail.com,140,200
Get Exam Detail,724,usertest724@gmail.com,141,200
Get Exam Detail,725,usertest725@gmail.com,141,200
Get Exam Detail,726,usertest726@gmail.com,141,200
Get Exam Detail,727,usertest727@gmail.com,141,200
Get Exam Detail,728,usertest728@gmail.com,151,200
Get Exam Detail,729,usertest729@gmail.com,141,200
Get Exam Detail,730,usertest730@gmail.com,138,200
Get Exam Detail,731,usertest731@gmail.com,139,200
Get Exam Detail,732,usertest732@gmail.com,143,200
Get Exam Detail,733,usertest733@gmail.com,140,200
Get Exam Detail,734,usertest734@gmail.com,142,200
Get Exam Detail,735,usertest735@gmail.com,143,200
Get Exam Detail,736,usertest736@gmail.com,146,200
Get Exam Detail,737,usertest737@gmail.com,142,200
Get Exam Detail,738,usertest738@gmail.com,1358,200
Get Exam Detail,739,usertest739@gmail.com,347,200
Get Exam Detail,740,usertest740@gmail.com,189,200
Get Exam Detail,741,usertest741@gmail.com,141,200
Get Exam Detail,742,usertest742@gmail.com,144,200
Get Exam Detail,743,usertest743@gmail.com,140,200
Get Exam Detail,744,usertest744@gmail.com,152,200
Get Exam Detail,745,usertest745@gmail.com,147,200
Get Exam Detail,746,usertest746@gmail.com,143,200
Get Exam Detail,747,usertest747@gmail.com,144,200
Get Exam Detail,748,usertest748@gmail.com,144,200
Get Exam Detail,749,usertest749@gmail.com,146,200
Get Exam Detail,750,usertest750@gmail.com,142,200
Get Exam Detail,751,usertest751@gmail.com,141,200
Get Exam Detail,752,usertest752@gmail.com,143,200
Get Exam Detail,753,usertest753@gmail.com,148,200
Get Exam Detail,754,usertest754@gmail.com,146,200
Get Exam Detail,755,usertest755@gmail.com,140,200
Get Exam Detail,756,usertest756@gmail.com,142,200
Get Exam Detail,757,usertest757@gmail.com,141,200
Get Exam Detail,758,usertest758@gmail.com,140,200
Get Exam Detail,759,usertest759@gmail.com,139,200
Get Exam Detail,760,usertest760@gmail.com,137,200
Get Exam Detail,761,usertest761@gmail.com,137,200
Get Exam Detail,762,usertest762@gmail.com,137,200
Get Exam Detail,763,usertest763@gmail.com,135,200
Get Exam Detail,764,usertest764@gmail.com,142,200
Get Exam Detail,765,usertest765@gmail.com,138,200
Get Exam Detail,766,usertest766@gmail.com,139,200
Get Exam Detail,767,usertest767@gmail.com,139,200
Get Exam Detail,768,usertest768@gmail.com,136,200
Get Exam Detail,769,usertest769@gmail.com,142,200
Get Exam Detail,770,usertest770@gmail.com,136,200
Get Exam Detail,771,usertest771@gmail.com,140,200
Get Exam Detail,772,usertest772@gmail.com,139,200
Get Exam Detail,773,usertest773@gmail.com,141,200
Get Exam Detail,774,usertest774@gmail.com,138,200
Get Exam Detail,775,usertest775@gmail.com,136,200
Get Exam Detail,776,usertest776@gmail.com,145,200
Get Exam Detail,777,usertest777@gmail.com,138,200
Get Exam Detail,778,usertest778@gmail.com,140,200
Get Exam Detail,779,usertest779@gmail.com,138,200
Get Exam Detail,780,usertest780@gmail.com,137,200
Get Exam Detail,781,usertest781@gmail.com,142,200
Get Exam Detail,782,usertest782@gmail.com,136,200
Get Exam Detail,783,usertest783@gmail.com,142,200
Get Exam Detail,784,usertest784@gmail.com,137,200
Get Exam Detail,785,usertest785@gmail.com,141,200
Get Exam Detail,786,usertest786@gmail.com,137,200
Get Exam Detail,787,usertest787@gmail.com,140,200
Get Exam Detail,788,usertest788@gmail.com,142,200
Get Exam Detail,789,usertest789@gmail.com,141,200
Get Exam Detail,790,usertest790@gmail.com,140,200
Get Exam Detail,791,usertest791@gmail.com,150,200
Get Exam Detail,792,usertest792@gmail.com,141,200
Get Exam Detail,793,usertest793@gmail.com,139,200
Get Exam Detail,794,usertest794@gmail.com,139,200
Get Exam Detail,795,usertest795@gmail.com,137,200
Get Exam Detail,796,usertest796@gmail.com,142,200
Get Exam Detail,797,usertest797@gmail.com,150,200
Get Exam Detail,798,usertest798@gmail.com,138,200
Get Exam Detail,799,usertest799@gmail.com,135,200
Get Exam Detail,800,usertest800@gmail.com,137,200
Get Exam Detail,801,usertest801@gmail.com,138,200
Get Exam Detail,802,usertest802@gmail.com,137,200
Get Exam Detail,803,usertest803@gmail.com,139,200
Get Exam Detail,804,usertest804@gmail.com,146,200
Get Exam Detail,805,usertest805@gmail.com,139,200
Get Exam Detail,806,usertest806@gmail.com,140,200
Get Exam Detail,807,usertest807@gmail.com,142,200
Get Exam Detail,808,usertest808@gmail.com,139,200
Get Exam Detail,809,usertest809@gmail.com,144,200
Get Exam Detail,810,usertest810@gmail.com,159,200
Get Exam Detail,811,usertest811@gmail.com,142,200
Get Exam Detail,812,usertest812@gmail.com,145,200
Get Exam Detail,813,usertest813@gmail.com,143,200
Get Exam Detail,814,usertest814@gmail.com,141,200
Get Exam Detail,815,usertest815@gmail.com,148,200
Get Exam Detail,816,usertest816@gmail.com,141,200
Get Exam Detail,817,usertest817@gmail.com,141,200
Get Exam Detail,818,usertest818@gmail.com,142,200
Get Exam Detail,819,usertest819@gmail.com,142,200
Get Exam Detail,820,usertest820@gmail.com,141,200
Get Exam Detail,821,usertest821@gmail.com,141,200
Get Exam Detail,822,usertest822@gmail.com,141,200
Get Exam Detail,823,usertest823@gmail.com,148,200
Get Exam Detail,824,usertest824@gmail.com,157,200
Get Exam Detail,825,usertest825@gmail.com,151,200
Get Exam Detail,826,usertest826@gmail.com,146,200
Get Exam Detail,827,usertest827@gmail.com,144,200
Get Exam Detail,828,usertest828@gmail.com,139,200
Get Exam Detail,829,usertest829@gmail.com,143,200
Get Exam Detail,830,usertest830@gmail.com,145,200
Get Exam Detail,831,usertest831@gmail.com,144,200
Get Exam Detail,832,usertest832@gmail.com,160,200
Get Exam Detail,833,usertest833@gmail.com,164,200
Get Exam Detail,834,usertest834@gmail.com,141,200
Get Exam Detail,835,usertest835@gmail.com,143,200
Get Exam Detail,836,usertest836@gmail.com,141,200
Get Exam Detail,837,usertest837@gmail.com,147,200
Get Exam Detail,838,usertest838@gmail.com,143,200
Get Exam Detail,839,usertest839@gmail.com,145,200
Get Exam Detail,840,usertest840@gmail.com,143,200
Get Exam Detail,841,usertest841@gmail.com,142,200
Get Exam Detail,842,usertest842@gmail.com,153,200
Get Exam Detail,843,usertest843@gmail.com,139,200
Get Exam Detail,844,usertest844@gmail.com,145,200
Get Exam Detail,845,usertest845@gmail.com,150,200
Get Exam Detail,846,usertest846@gmail.com,143,200
Get Exam Detail,847,usertest847@gmail.com,142,200
Get Exam Detail,848,usertest848@gmail.com,147,200
Get Exam Detail,849,usertest849@gmail.com,142,200
Get Exam Detail,850,usertest850@gmail.com,142,200
Get Exam Detail,851,usertest851@gmail.com,140,200
Get Exam Detail,852,usertest852@gmail.com,142,200
Get Exam Detail,853,usertest853@gmail.com,143,200
Get Exam Detail,854,usertest854@gmail.com,139,200
Get Exam Detail,855,usertest855@gmail.com,141,200
Get Exam Detail,856,usertest856@gmail.com,154,200
Get Exam Detail,857,usertest857@gmail.com,144,200
Get Exam Detail,858,usertest858@gmail.com,141,200
Get Exam Detail,859,usertest859@gmail.com,140,200
Get Exam Detail,860,usertest860@gmail.com,141,200
Get Exam Detail,861,usertest861@gmail.com,143,200
Get Exam Detail,862,usertest862@gmail.com,143,200
Get Exam Detail,863,usertest863@gmail.com,144,200
Get Exam Detail,864,usertest864@gmail.com,142,200
Get Exam Detail,865,usertest865@gmail.com,142,200
Get Exam Detail,866,usertest866@gmail.com,143,200
Get Exam Detail,867,usertest867@gmail.com,141,200
Get Exam Detail,868,usertest868@gmail.com,139,200
Get Exam Detail,869,usertest869@gmail.com,146,200
Get Exam Detail,870,usertest870@gmail.com,141,200
Get Exam Detail,871,usertest871@gmail.com,145,200
Get Exam Detail,872,usertest872@gmail.com,144,200
Get Exam Detail,873,usertest873@gmail.com,142,200
Get Exam Detail,874,usertest874@gmail.com,152,200
Get Exam Detail,875,usertest875@gmail.com,147,200
Get Exam Detail,876,usertest876@gmail.com,171,200
Get Exam Detail,877,usertest877@gmail.com,142,200
Get Exam Detail,878,usertest878@gmail.com,143,200
Get Exam Detail,879,usertest879@gmail.com,145,200
Get Exam Detail,880,usertest880@gmail.com,144,200
Get Exam Detail,881,usertest881@gmail.com,145,200
Get Exam Detail,882,usertest882@gmail.com,142,200
Get Exam Detail,883,usertest883@gmail.com,141,200
Get Exam Detail,884,usertest884@gmail.com,142,200
Get Exam Detail,885,usertest885@gmail.com,145,200
Get Exam Detail,886,usertest886@gmail.com,142,200
Get Exam Detail,887,usertest887@gmail.com,141,200
Get Exam Detail,888,usertest888@gmail.com,405,200
Get Exam Detail,889,usertest889@gmail.com,158,200
Get Exam Detail,890,usertest890@gmail.com,143,200
Get Exam Detail,891,usertest891@gmail.com,144,200
Get Exam Detail,892,usertest892@gmail.com,142,200
Get Exam Detail,893,usertest893@gmail.com,150,200
Get Exam Detail,894,usertest894@gmail.com,161,200
Get Exam Detail,895,usertest895@gmail.com,139,200
Get Exam Detail,896,usertest896@gmail.com,152,200
Get Exam Detail,897,usertest897@gmail.com,143,200
Get Exam Detail,898,usertest898@gmail.com,141,200
Get Exam Detail,899,usertest899@gmail.com,141,200
Get Exam Detail,900,usertest900@gmail.com,152,200
Get Exam Detail,901,usertest901@gmail.com,153,200
Get Exam Detail,902,usertest902@gmail.com,138,200
Get Exam Detail,903,usertest903@gmail.com,144,200
Get Exam Detail,904,usertest904@gmail.com,145,200
Get Exam Detail,905,usertest905@gmail.com,142,200
Get Exam Detail,906,usertest906@gmail.com,140,200
Get Exam Detail,907,usertest907@gmail.com,145,200
Get Exam Detail,908,usertest908@gmail.com,145,200
Get Exam Detail,909,usertest909@gmail.com,142,200
Get Exam Detail,910,usertest910@gmail.com,139,200
Get Exam Detail,911,usertest911@gmail.com,143,200
Get Exam Detail,912,usertest912@gmail.com,146,200
Get Exam Detail,913,usertest913@gmail.com,146,200
Get Exam Detail,914,usertest914@gmail.com,141,200
Get Exam Detail,915,usertest915@gmail.com,140,200
Get Exam Detail,916,usertest916@gmail.com,143,200
Get Exam Detail,917,usertest917@gmail.com,140,200
Get Exam Detail,918,usertest918@gmail.com,142,200
Get Exam Detail,919,usertest919@gmail.com,142,200
Get Exam Detail,920,usertest920@gmail.com,142,200
Get Exam Detail,921,usertest921@gmail.com,144,200
Get Exam Detail,922,usertest922@gmail.com,143,200
Get Exam Detail,923,usertest923@gmail.com,141,200
Get Exam Detail,924,usertest924@gmail.com,142,200
Get Exam Detail,925,usertest925@gmail.com,141,200
Get Exam Detail,926,usertest926@gmail.com,141,200
Get Exam Detail,927,usertest927@gmail.com,142,200
Get Exam Detail,928,usertest928@gmail.com,141,200
Get Exam Detail,929,usertest929@gmail.com,146,200
Get Exam Detail,930,usertest930@gmail.com,144,200
Get Exam Detail,931,usertest931@gmail.com,147,200
Get Exam Detail,932,usertest932@gmail.com,139,200
Get Exam Detail,933,usertest933@gmail.com,139,200
Get Exam Detail,934,usertest934@gmail.com,141,200
Get Exam Detail,935,usertest935@gmail.com,142,200
Get Exam Detail,936,usertest936@gmail.com,142,200
Get Exam Detail,937,usertest937@gmail.com,145,200
Get Exam Detail,938,usertest938@gmail.com,153,200
Get Exam Detail,939,usertest939@gmail.com,396,200
Get Exam Detail,940,usertest940@gmail.com,186,200
Get Exam Detail,941,usertest941@gmail.com,169,200
Get Exam Detail,942,usertest942@gmail.com,145,200
Get Exam Detail,943,usertest943@gmail.com,141,200
Get Exam Detail,944,usertest944@gmail.com,392,200
Get Exam Detail,945,usertest945@gmail.com,143,200
Get Exam Detail,946,usertest946@gmail.com,148,200
Get Exam Detail,947,usertest947@gmail.com,141,200
Get Exam Detail,948,usertest948@gmail.com,142,200
Get Exam Detail,949,usertest949@gmail.com,140,200
Get Exam Detail,950,usertest950@gmail.com,143,200
Get Exam Detail,951,usertest951@gmail.com,139,200
Get Exam Detail,952,usertest952@gmail.com,138,200
Get Exam Detail,953,usertest953@gmail.com,142,200
Get Exam Detail,954,usertest954@gmail.com,145,200
Get Exam Detail,955,usertest955@gmail.com,143,200
Get Exam Detail,956,usertest956@gmail.com,140,200
Get Exam Detail,957,usertest957@gmail.com,139,200
Get Exam Detail,958,usertest958@gmail.com,139,200
Get Exam Detail,959,usertest959@gmail.com,141,200
Get Exam Detail,960,usertest960@gmail.com,142,200
Get Exam Detail,961,usertest961@gmail.com,145,200
Get Exam Detail,962,usertest962@gmail.com,141,200
Get Exam Detail,963,usertest963@gmail.com,141,200
Get Exam Detail,964,usertest964@gmail.com,260,200
Get Exam Detail,965,usertest965@gmail.com,180,200
Get Exam Detail,966,usertest966@gmail.com,141,200
Get Exam Detail,967,usertest967@gmail.com,140,200
Get Exam Detail,968,usertest968@gmail.com,144,200
Get Exam Detail,969,usertest969@gmail.com,142,200
Get Exam Detail,970,usertest970@gmail.com,142,200
Get Exam Detail,971,usertest971@gmail.com,139,200
Get Exam Detail,972,usertest972@gmail.com,142,200
Get Exam Detail,973,usertest973@gmail.com,141,200
Get Exam Detail,974,usertest974@gmail.com,141,200
Get Exam Detail,975,usertest975@gmail.com,145,200
Get Exam Detail,976,usertest976@gmail.com,142,200
Get Exam Detail,977,usertest977@gmail.com,148,200
Get Exam Detail,978,usertest978@gmail.com,141,200
Get Exam Detail,979,usertest979@gmail.com,142,200
Get Exam Detail,980,usertest980@gmail.com,136,200
Get Exam Detail,981,usertest981@gmail.com,153,200
Get Exam Detail,982,usertest982@gmail.com,140,200
Get Exam Detail,983,usertest983@gmail.com,141,200
Get Exam Detail,984,usertest984@gmail.com,142,200
Get Exam Detail,985,usertest985@gmail.com,144,200
Get Exam Detail,986,usertest986@gmail.com,144,200
Get Exam Detail,987,usertest987@gmail.com,140,200
Get Exam Detail,988,usertest988@gmail.com,141,200
Get Exam Detail,989,usertest989@gmail.com,137,200
Get Exam Detail,990,usertest990@gmail.com,155,200
Get Exam Detail,991,usertest991@gmail.com,150,200
Get Exam Detail,992,usertest992@gmail.com,144,200
Get Exam Detail,993,usertest993@gmail.com,145,200
Get Exam Detail,994,usertest994@gmail.com,147,200
Get Exam Detail,995,usertest995@gmail.com,141,200
Get Exam Detail,996,usertest996@gmail.com,139,200
Get Exam Detail,997,usertest997@gmail.com,139,200
Get Exam Detail,998,usertest998@gmail.com,137,200
Get Exam Detail,999,usertest999@gmail.com,135,200
Get Exam Detail,1000,usertest1000@gmail.com,138,200